prefix_len,k,wrong,right,n_candidates,recall,top1,top2,top3,rr,testset,dict_size
2,1,begining,beginning,4807,1,0,0,0,0.0,testset1,20000
3,1,begining,beginning,306,1,1,1,1,1.0,testset1,20000
4,1,begining,beginning,57,1,1,1,1,1.0,testset1,20000
5,1,begining,beginning,13,1,1,1,1,1.0,testset1,20000
6,1,begining,beginning,6,1,1,1,1,1.0,testset1,20000
7,1,begining,beginning,4,1,1,1,1,1.0,testset1,20000
2,1,problam,problem,3880,1,0,0,0,0.0,testset1,20000
3,1,problam,problem,949,1,0,0,0,0.0,testset1,20000
4,1,problam,problem,224,1,1,1,1,1.0,testset1,20000
5,1,problam,problem,18,1,1,1,1,1.0,testset1,20000
6,1,problam,problem,10,1,1,1,1,1.0,testset1,20000
7,1,problam,problem,3,1,1,1,1,1.0,testset1,20000
2,1,proble,problem,3880,1,0,0,0,0.0,testset1,20000
3,1,proble,problem,949,1,0,0,0,0.0,testset1,20000
4,1,proble,problem,224,1,1,1,1,1.0,testset1,20000
5,1,proble,problem,18,1,1,1,1,1.0,testset1,20000
6,1,proble,problem,5,1,1,1,1,1.0,testset1,20000
2,1,promblem,problem,3880,1,0,0,0,0.0,testset1,20000
3,1,promblem,problem,949,1,0,0,0,0.0,testset1,20000
4,1,promblem,problem,237,1,0,0,0,0.0,testset1,20000
5,1,promblem,problem,33,1,0,1,1,0.5,testset1,20000
6,1,promblem,problem,3,1,1,1,1,1.0,testset1,20000
7,1,promblem,problem,3,1,1,1,1,1.0,testset1,20000
2,1,proplen,problem,3880,1,0,0,0,0.0,testset1,20000
3,1,proplen,problem,949,1,0,0,0,0.0,testset1,20000
4,1,proplen,problem,243,1,0,0,0,0.0,testset1,20000
5,1,proplen,problem,36,1,0,1,1,0.5,testset1,20000
6,1,proplen,problem,14,1,0,1,1,0.5,testset1,20000
7,1,proplen,problem,0,0,0,0,0,0.0,testset1,20000
2,1,dirven,driven,3560,1,0,0,0,0.0,testset1,20000
3,1,dirven,driven,570,1,0,0,0,0.0,testset1,20000
4,1,dirven,driven,53,1,0,0,0,0.0,testset1,20000
5,1,dirven,driven,31,1,0,0,0,0.0,testset1,20000
6,1,dirven,driven,1,1,1,1,1,1.0,testset1,20000
2,1,exstacy,ecstasy,992,1,0,0,0,0.0,testset1,20000
3,1,exstacy,ecstasy,291,1,0,0,0,0.0,testset1,20000
4,1,exstacy,ecstasy,64,1,0,0,0,0.0,testset1,20000
5,1,exstacy,ecstasy,10,1,0,1,1,0.5,testset1,20000
6,1,exstacy,ecstasy,0,0,0,0,0,0.0,testset1,20000
7,1,exstacy,ecstasy,0,0,0,0,0,0.0,testset1,20000
2,1,ecstacy,ecstasy,3479,1,0,0,0,0.0,testset1,20000
3,1,ecstacy,ecstasy,127,1,0,1,1,0.5,testset1,20000
4,1,ecstacy,ecstasy,32,1,1,1,1,1.0,testset1,20000
5,1,ecstacy,ecstasy,10,1,1,1,1,1.0,testset1,20000
6,1,ecstacy,ecstasy,1,1,1,1,1,1.0,testset1,20000
7,1,ecstacy,ecstasy,1,1,1,1,1,1.0,testset1,20000
2,1,guic,juice,2232,1,0,0,0,0.0,testset1,20000
3,1,guic,juice,170,1,0,0,0,0.0,testset1,20000
4,1,guic,juice,31,1,0,0,0,0.0,testset1,20000
2,1,juce,juice,1877,1,0,0,0,0.0,testset1,20000
3,1,juce,juice,132,1,0,1,1,0.5,testset1,20000
4,1,juce,juice,8,1,1,1,1,1.0,testset1,20000
2,1,jucie,juice,1877,1,0,0,0,0.0,testset1,20000
3,1,jucie,juice,132,1,0,1,1,0.5,testset1,20000
4,1,jucie,juice,20,1,1,1,1,1.0,testset1,20000
5,1,jucie,juice,4,1,1,1,1,1.0,testset1,20000
2,1,juise,juice,1877,1,0,0,0,0.0,testset1,20000
3,1,juise,juice,139,1,1,1,1,1.0,testset1,20000
4,1,juise,juice,14,1,0,0,0,0.0,testset1,20000
5,1,juise,juice,2,1,1,1,1,1.0,testset1,20000
2,1,juse,juice,1877,1,0,0,0,0.0,testset1,20000
3,1,juse,juice,223,1,0,0,0,0.0,testset1,20000
4,1,juse,juice,33,0,0,0,0,0.0,testset1,20000
2,1,localy,locally,4024,1,0,0,0,0.0,testset1,20000
3,1,localy,locally,292,1,0,0,0,0.0,testset1,20000
4,1,localy,locally,45,1,0,0,0,0.0,testset1,20000
5,1,localy,locally,20,1,0,1,1,0.5,testset1,20000
6,1,localy,locally,9,1,1,1,1,1.0,testset1,20000
2,1,compair,compare,4510,1,0,0,0,0.0,testset1,20000
3,1,compair,compare,997,1,0,0,0,0.0,testset1,20000
4,1,compair,compare,250,1,0,0,1,0.3333333333333333,testset1,20000
5,1,compair,compare,125,1,0,1,1,0.5,testset1,20000
6,1,compair,compare,49,1,0,0,0,0.0,testset1,20000
7,1,compair,compare,9,1,0,1,1,0.5,testset1,20000
2,1,pronounciation,pronunciation,3880,1,0,0,0,0.0,testset1,20000
3,1,pronounciation,pronunciation,949,1,0,0,0,0.0,testset1,20000
4,1,pronounciation,pronunciation,271,1,0,0,1,0.3333333333333333,testset1,20000
5,1,pronounciation,pronunciation,37,1,0,0,0,0.0,testset1,20000
6,1,pronounciation,pronunciation,3,1,0,1,1,0.5,testset1,20000
7,1,pronounciation,pronunciation,3,1,0,1,1,0.5,testset1,20000
2,1,independant,independent,2065,1,0,0,0,0.0,testset1,20000
3,1,independant,independent,597,1,0,0,0,0.0,testset1,20000
4,1,independant,independent,263,1,0,1,1,0.5,testset1,20000
5,1,independant,independent,10,1,1,1,1,1.0,testset1,20000
6,1,independant,independent,6,1,1,1,1,1.0,testset1,20000
7,1,independant,independent,3,1,1,1,1,1.0,testset1,20000
2,1,independant,independent,2065,1,0,0,0,0.0,testset1,20000
3,1,independant,independent,597,1,0,0,0,0.0,testset1,20000
4,1,independant,independent,263,1,0,1,1,0.5,testset1,20000
5,1,independant,independent,10,1,1,1,1,1.0,testset1,20000
6,1,independant,independent,6,1,1,1,1,1.0,testset1,20000
7,1,independant,independent,3,1,1,1,1,1.0,testset1,20000
2,1,aranged,arranged,4577,1,0,0,0,0.0,testset1,20000
3,1,aranged,arranged,795,1,0,0,0,0.0,testset1,20000
4,1,aranged,arranged,164,1,0,0,1,0.3333333333333333,testset1,20000
5,1,aranged,arranged,14,1,0,0,1,0.3333333333333333,testset1,20000
6,1,aranged,arranged,11,1,0,0,1,0.3333333333333333,testset1,20000
7,1,aranged,arranged,2,1,1,1,1,1.0,testset1,20000
2,1,arrainged,arranged,4577,1,0,0,0,0.0,testset1,20000
3,1,arrainged,arranged,261,1,0,0,0,0.0,testset1,20000
4,1,arrainged,arranged,46,1,0,0,0,0.0,testset1,20000
5,1,arrainged,arranged,14,1,0,0,0,0.0,testset1,20000
6,1,arrainged,arranged,5,1,0,0,1,0.3333333333333333,testset1,20000
7,1,arrainged,arranged,5,1,0,0,1,0.3333333333333333,testset1,20000
2,1,poartry,poetry,4640,1,0,0,0,0.0,testset1,20000
3,1,poartry,poetry,665,1,0,0,0,0.0,testset1,20000
4,1,poartry,poetry,135,0,0,0,0,0.0,testset1,20000
5,1,poartry,poetry,50,0,0,0,0,0.0,testset1,20000
6,1,poartry,poetry,3,0,0,0,0,0.0,testset1,20000
7,1,poartry,poetry,0,0,0,0,0,0.0,testset1,20000
2,1,poertry,poetry,4640,1,0,0,0,0.0,testset1,20000
3,1,poertry,poetry,581,1,1,1,1,1.0,testset1,20000
4,1,poertry,poetry,154,1,0,0,0,0.0,testset1,20000
5,1,poertry,poetry,29,1,1,1,1,1.0,testset1,20000
6,1,poertry,poetry,4,1,1,1,1,1.0,testset1,20000
7,1,poertry,poetry,1,1,1,1,1,1.0,testset1,20000
2,1,poetre,poetry,4640,1,0,0,0,0.0,testset1,20000
3,1,poetre,poetry,581,1,1,1,1,1.0,testset1,20000
4,1,poetre,poetry,81,1,1,1,1,1.0,testset1,20000
5,1,poetre,poetry,9,1,1,1,1,1.0,testset1,20000
6,1,poetre,poetry,1,1,1,1,1,1.0,testset1,20000
2,1,poety,poetry,4640,1,0,0,0,0.0,testset1,20000
3,1,poety,poetry,581,1,1,1,1,1.0,testset1,20000
4,1,poety,poetry,81,1,1,1,1,1.0,testset1,20000
5,1,poety,poetry,4,1,1,1,1,1.0,testset1,20000
2,1,powetry,poetry,4640,1,0,0,0,0.0,testset1,20000
3,1,powetry,poetry,290,1,0,0,0,0.0,testset1,20000
4,1,powetry,poetry,53,1,0,0,0,0.0,testset1,20000
5,1,powetry,poetry,14,1,0,0,0,0.0,testset1,20000
6,1,powetry,poetry,10,1,0,0,0,0.0,testset1,20000
7,1,powetry,poetry,1,1,1,1,1,1.0,testset1,20000
2,1,leval,level,4556,1,1,1,1,1.0,testset1,20000
3,1,leval,level,302,1,1,1,1,1.0,testset1,20000
4,1,leval,level,72,1,1,1,1,1.0,testset1,20000
5,1,leval,level,11,1,1,1,1,1.0,testset1,20000
2,1,basicaly,basically,5098,1,0,0,0,0.0,testset1,20000
3,1,basicaly,basically,559,1,0,0,0,0.0,testset1,20000
4,1,basicaly,basically,50,1,0,0,1,0.3333333333333333,testset1,20000
5,1,basicaly,basically,7,1,0,1,1,0.5,testset1,20000
6,1,basicaly,basically,3,1,1,1,1,1.0,testset1,20000
7,1,basicaly,basically,1,1,1,1,1,1.0,testset1,20000
2,1,unexpcted,unexpected,1779,1,0,0,0,0.0,testset1,20000
3,1,unexpcted,unexpected,329,1,0,0,1,0.3333333333333333,testset1,20000
4,1,unexpcted,unexpected,11,1,1,1,1,1.0,testset1,20000
5,1,unexpcted,unexpected,4,1,1,1,1,1.0,testset1,20000
6,1,unexpcted,unexpected,1,1,1,1,1,1.0,testset1,20000
7,1,unexpcted,unexpected,1,1,1,1,1,1.0,testset1,20000
2,1,unexpeted,unexpected,1779,1,0,0,0,0.0,testset1,20000
3,1,unexpeted,unexpected,329,1,0,0,1,0.3333333333333333,testset1,20000
4,1,unexpeted,unexpected,11,1,1,1,1,1.0,testset1,20000
5,1,unexpeted,unexpected,4,1,1,1,1,1.0,testset1,20000
6,1,unexpeted,unexpected,2,1,1,1,1,1.0,testset1,20000
7,1,unexpeted,unexpected,1,1,1,1,1,1.0,testset1,20000
2,1,unexspected,unexpected,1779,1,0,0,0,0.0,testset1,20000
3,1,unexspected,unexpected,329,1,0,0,1,0.3333333333333333,testset1,20000
4,1,unexspected,unexpected,11,1,1,1,1,1.0,testset1,20000
5,1,unexspected,unexpected,2,1,1,1,1,1.0,testset1,20000
6,1,unexspected,unexpected,1,1,1,1,1,1.0,testset1,20000
7,1,unexspected,unexpected,1,1,1,1,1,1.0,testset1,20000
2,1,varable,variable,4502,1,0,0,0,0.0,testset1,20000
3,1,varable,variable,756,1,0,0,1,0.3333333333333333,testset1,20000
4,1,varable,variable,64,1,1,1,1,1.0,testset1,20000
5,1,varable,variable,9,1,1,1,1,1.0,testset1,20000
6,1,varable,variable,2,1,1,1,1,1.0,testset1,20000
7,1,varable,variable,2,1,1,1,1,1.0,testset1,20000
2,1,futher,further,2464,1,0,0,1,0.3333333333333333,testset1,20000
3,1,futher,further,250,1,0,0,0,0.0,testset1,20000
4,1,futher,further,31,1,1,1,1,1.0,testset1,20000
5,1,futher,further,12,1,1,1,1,1.0,testset1,20000
6,1,futher,further,8,1,1,1,1,1.0,testset1,20000
2,1,monitering,monitoring,4244,1,0,0,0,0.0,testset1,20000
3,1,monitering,monitoring,797,1,0,0,0,0.0,testset1,20000
4,1,monitering,monitoring,111,1,0,1,1,0.5,testset1,20000
5,1,monitering,monitoring,22,1,0,1,1,0.5,testset1,20000
6,1,monitering,monitoring,10,1,0,1,1,0.5,testset1,20000
7,1,monitering,monitoring,7,1,0,1,1,0.5,testset1,20000
2,1,biscits,biscuits,3721,1,0,0,0,0.0,testset1,20000
3,1,biscits,biscuits,481,1,0,0,0,0.0,testset1,20000
4,1,biscits,biscuits,75,1,1,1,1,1.0,testset1,20000
5,1,biscits,biscuits,6,1,1,1,1,1.0,testset1,20000
6,1,biscits,biscuits,2,1,1,1,1,1.0,testset1,20000
7,1,biscits,biscuits,1,1,1,1,1,1.0,testset1,20000
2,1,biscutes,biscuits,3721,1,0,0,0,0.0,testset1,20000
3,1,biscutes,biscuits,481,1,0,0,0,0.0,testset1,20000
4,1,biscutes,biscuits,75,1,1,1,1,1.0,testset1,20000
5,1,biscutes,biscuits,8,1,1,1,1,1.0,testset1,20000
6,1,biscutes,biscuits,2,1,1,1,1,1.0,testset1,20000
7,1,biscutes,biscuits,0,0,0,0,0,0.0,testset1,20000
2,1,biscuts,biscuits,3721,1,0,0,0,0.0,testset1,20000
3,1,biscuts,biscuits,481,1,0,0,0,0.0,testset1,20000
4,1,biscuts,biscuits,75,1,1,1,1,1.0,testset1,20000
5,1,biscuts,biscuits,8,1,1,1,1,1.0,testset1,20000
6,1,biscuts,biscuits,2,1,1,1,1,1.0,testset1,20000
7,1,biscuts,biscuits,1,1,1,1,1,1.0,testset1,20000
2,1,bisquits,biscuits,3721,1,0,0,0,0.0,testset1,20000
3,1,bisquits,biscuits,481,1,0,0,0,0.0,testset1,20000
4,1,bisquits,biscuits,10,1,0,1,1,0.5,testset1,20000
5,1,bisquits,biscuits,3,1,1,1,1,1.0,testset1,20000
6,1,bisquits,biscuits,2,1,1,1,1,1.0,testset1,20000
7,1,bisquits,biscuits,2,1,1,1,1,1.0,testset1,20000
2,1,buiscits,biscuits,2665,1,0,0,0,0.0,testset1,20000
3,1,buiscits,biscuits,362,1,0,0,0,0.0,testset1,20000
4,1,buiscits,biscuits,40,1,0,0,0,0.0,testset1,20000
5,1,buiscits,biscuits,4,1,0,0,1,0.3333333333333333,testset1,20000
6,1,buiscits,biscuits,0,0,0,0,0,0.0,testset1,20000
7,1,buiscits,biscuits,0,0,0,0,0,0.0,testset1,20000
2,1,buiscuts,biscuits,2665,1,0,0,0,0.0,testset1,20000
3,1,buiscuts,biscuits,362,1,0,0,0,0.0,testset1,20000
4,1,buiscuts,biscuits,40,1,0,0,0,0.0,testset1,20000
5,1,buiscuts,biscuits,4,1,0,0,1,0.3333333333333333,testset1,20000
6,1,buiscuts,biscuits,2,1,1,1,1,1.0,testset1,20000
7,1,buiscuts,biscuits,0,0,0,0,0,0.0,testset1,20000
2,1,avaible,available,2017,1,1,1,1,1.0,testset1,20000
3,1,avaible,available,265,1,1,1,1,1.0,testset1,20000
4,1,avaible,available,30,1,1,1,1,1.0,testset1,20000
5,1,avaible,available,3,1,1,1,1,1.0,testset1,20000
6,1,avaible,available,3,1,1,1,1,1.0,testset1,20000
7,1,avaible,available,0,0,0,0,0,0.0,testset1,20000
2,1,seperate,separate,5755,1,0,0,0,0.0,testset1,20000
3,1,seperate,separate,638,1,0,0,1,0.3333333333333333,testset1,20000
4,1,seperate,separate,155,1,0,0,0,0.0,testset1,20000
5,1,seperate,separate,36,1,0,1,1,0.5,testset1,20000
6,1,seperate,separate,10,1,0,1,1,0.5,testset1,20000
7,1,seperate,separate,8,1,0,1,1,0.5,testset1,20000
2,1,neccesary,necessary,4249,1,0,0,0,0.0,testset1,20000
3,1,neccesary,necessary,408,1,1,1,1,1.0,testset1,20000
4,1,neccesary,necessary,10,1,0,1,1,0.5,testset1,20000
5,1,neccesary,necessary,3,1,1,1,1,1.0,testset1,20000
6,1,neccesary,necessary,3,1,1,1,1,1.0,testset1,20000
7,1,neccesary,necessary,0,0,0,0,0,0.0,testset1,20000
2,1,necesary,necessary,4249,1,0,0,0,0.0,testset1,20000
3,1,necesary,necessary,408,1,1,1,1,1.0,testset1,20000
4,1,necesary,necessary,43,1,1,1,1,1.0,testset1,20000
5,1,necesary,necessary,6,1,1,1,1,1.0,testset1,20000
6,1,necesary,necessary,3,1,1,1,1,1.0,testset1,20000
7,1,necesary,necessary,2,1,1,1,1,1.0,testset1,20000
2,1,neccesary,necessary,4249,1,0,0,0,0.0,testset1,20000
3,1,neccesary,necessary,408,1,1,1,1,1.0,testset1,20000
4,1,neccesary,necessary,10,1,0,1,1,0.5,testset1,20000
5,1,neccesary,necessary,3,1,1,1,1,1.0,testset1,20000
6,1,neccesary,necessary,3,1,1,1,1,1.0,testset1,20000
7,1,neccesary,necessary,0,0,0,0,0,0.0,testset1,20000
2,1,necassary,necessary,4249,1,0,0,0,0.0,testset1,20000
3,1,necassary,necessary,408,1,1,1,1,1.0,testset1,20000
4,1,necassary,necessary,36,1,1,1,1,1.0,testset1,20000
5,1,necassary,necessary,4,1,1,1,1,1.0,testset1,20000
6,1,necassary,necessary,3,1,1,1,1,1.0,testset1,20000
7,1,necassary,necessary,2,1,1,1,1,1.0,testset1,20000
2,1,necassery,necessary,4249,1,0,0,0,0.0,testset1,20000
3,1,necassery,necessary,408,1,1,1,1,1.0,testset1,20000
4,1,necassery,necessary,36,1,1,1,1,1.0,testset1,20000
5,1,necassery,necessary,4,1,1,1,1,1.0,testset1,20000
6,1,necassery,necessary,3,1,1,1,1,1.0,testset1,20000
7,1,necassery,necessary,0,0,0,0,0,0.0,testset1,20000
2,1,neccasary,necessary,4249,1,0,0,0,0.0,testset1,20000
3,1,neccasary,necessary,408,1,1,1,1,1.0,testset1,20000
4,1,neccasary,necessary,10,1,0,1,1,0.5,testset1,20000
5,1,neccasary,necessary,1,0,0,0,0,0.0,testset1,20000
6,1,neccasary,necessary,1,0,0,0,0,0.0,testset1,20000
7,1,neccasary,necessary,0,0,0,0,0,0.0,testset1,20000
2,1,defenition,definition,4652,1,0,0,0,0.0,testset1,20000
3,1,defenition,definition,482,1,0,0,1,0.3333333333333333,testset1,20000
4,1,defenition,definition,114,1,0,0,0,0.0,testset1,20000
5,1,defenition,definition,38,1,0,0,0,0.0,testset1,20000
6,1,defenition,definition,17,1,0,1,1,0.5,testset1,20000
7,1,defenition,definition,5,1,1,1,1,1.0,testset1,20000
2,1,receit,receipt,4697,1,0,0,0,0.0,testset1,20000
3,1,receit,receipt,875,1,0,0,0,0.0,testset1,20000
4,1,receit,receipt,194,1,0,0,0,0.0,testset1,20000
5,1,receit,receipt,21,1,0,0,0,0.0,testset1,20000
6,1,receit,receipt,14,1,1,1,1,1.0,testset1,20000
2,1,receite,receipt,4697,1,0,0,0,0.0,testset1,20000
3,1,receite,receipt,875,1,0,0,0,0.0,testset1,20000
4,1,receite,receipt,194,1,0,0,0,0.0,testset1,20000
5,1,receite,receipt,21,1,0,0,0,0.0,testset1,20000
6,1,receite,receipt,14,1,1,1,1,1.0,testset1,20000
7,1,receite,receipt,5,0,0,0,0,0.0,testset1,20000
2,1,reciet,receipt,4697,1,0,0,0,0.0,testset1,20000
3,1,reciet,receipt,875,1,0,0,0,0.0,testset1,20000
4,1,reciet,receipt,196,1,0,0,0,0.0,testset1,20000
5,1,reciet,receipt,35,1,0,0,0,0.0,testset1,20000
6,1,reciet,receipt,0,0,0,0,0,0.0,testset1,20000
2,1,recipt,receipt,4697,1,0,0,0,0.0,testset1,20000
3,1,recipt,receipt,875,1,0,0,0,0.0,testset1,20000
4,1,recipt,receipt,196,1,0,0,0,0.0,testset1,20000
5,1,recipt,receipt,12,1,0,0,0,0.0,testset1,20000
6,1,recipt,receipt,10,1,1,1,1,1.0,testset1,20000
2,1,remine,remind,4697,1,0,0,0,0.0,testset1,20000
3,1,remine,remind,865,1,0,0,0,0.0,testset1,20000
4,1,remine,remind,163,1,0,0,1,0.3333333333333333,testset1,20000
5,1,remine,remind,33,1,0,1,1,0.5,testset1,20000
6,1,remine,remind,13,1,0,0,0,0.0,testset1,20000
2,1,remined,remind,4697,1,0,0,0,0.0,testset1,20000
3,1,remined,remind,865,1,0,0,0,0.0,testset1,20000
4,1,remined,remind,163,1,0,0,1,0.3333333333333333,testset1,20000
5,1,remined,remind,33,1,0,1,1,0.5,testset1,20000
6,1,remined,remind,13,1,0,0,0,0.0,testset1,20000
7,1,remined,remind,7,1,0,0,1,0.3333333333333333,testset1,20000
2,1,inetials,initials,2065,1,0,0,0,0.0,testset1,20000
3,1,inetials,initials,689,1,0,0,0,0.0,testset1,20000
4,1,inetials,initials,181,1,0,0,0,0.0,testset1,20000
5,1,inetials,initials,23,1,0,0,0,0.0,testset1,20000
6,1,inetials,initials,11,1,0,0,0,0.0,testset1,20000
7,1,inetials,initials,5,1,0,0,0,0.0,testset1,20000
2,1,inistals,initials,2065,1,0,0,0,0.0,testset1,20000
3,1,inistals,initials,602,1,0,0,0,0.0,testset1,20000
4,1,inistals,initials,113,1,0,0,0,0.0,testset1,20000
5,1,inistals,initials,56,1,0,0,0,0.0,testset1,20000
6,1,inistals,initials,13,0,0,0,0,0.0,testset1,20000
7,1,inistals,initials,8,0,0,0,0,0.0,testset1,20000
2,1,initails,initials,2065,1,0,0,0,0.0,testset1,20000
3,1,initails,initials,602,1,0,0,0,0.0,testset1,20000
4,1,initails,initials,178,1,0,0,0,0.0,testset1,20000
5,1,initails,initials,33,1,0,0,0,0.0,testset1,20000
6,1,initails,initials,11,1,0,0,0,0.0,testset1,20000
7,1,initails,initials,5,1,0,0,0,0.0,testset1,20000
2,1,initals,initials,2065,1,0,0,0,0.0,testset1,20000
3,1,initals,initials,602,1,0,0,0,0.0,testset1,20000
4,1,initals,initials,178,1,0,0,0,0.0,testset1,20000
5,1,initals,initials,33,1,0,0,0,0.0,testset1,20000
6,1,initals,initials,13,1,0,0,0,0.0,testset1,20000
7,1,initals,initials,1,1,1,1,1,1.0,testset1,20000
2,1,intials,initials,2065,1,0,0,0,0.0,testset1,20000
3,1,intials,initials,572,1,0,0,0,0.0,testset1,20000
4,1,intials,initials,214,1,0,0,0,0.0,testset1,20000
5,1,intials,initials,24,1,0,0,0,0.0,testset1,20000
6,1,intials,initials,5,1,0,0,0,0.0,testset1,20000
7,1,intials,initials,1,1,1,1,1,1.0,testset1,20000
2,1,magnificnet,magnificent,4983,1,0,0,0,0.0,testset1,20000
3,1,magnificnet,magnificent,481,1,0,0,0,0.0,testset1,20000
4,1,magnificnet,magnificent,94,1,0,0,0,0.0,testset1,20000
5,1,magnificnet,magnificent,25,1,0,1,1,0.5,testset1,20000
6,1,magnificnet,magnificent,5,1,1,1,1,1.0,testset1,20000
7,1,magnificnet,magnificent,1,1,1,1,1,1.0,testset1,20000
3,2,begining,beginning,5755,1,1,1,1,1.0,testset1,20000
4,2,begining,beginning,1005,1,1,1,1,1.0,testset1,20000
5,2,begining,beginning,237,1,1,1,1,1.0,testset1,20000
6,2,begining,beginning,32,1,1,1,1,1.0,testset1,20000
7,2,begining,beginning,11,1,1,1,1,1.0,testset1,20000
3,2,problam,problem,7485,1,0,0,0,0.0,testset1,20000
4,2,problam,problem,1122,1,1,1,1,1.0,testset1,20000
5,2,problam,problem,320,1,1,1,1,1.0,testset1,20000
6,2,problam,problem,40,1,1,1,1,1.0,testset1,20000
7,2,problam,problem,19,1,1,1,1,1.0,testset1,20000
3,2,proble,problem,7485,1,0,0,0,0.0,testset1,20000
4,2,proble,problem,1122,1,1,1,1,1.0,testset1,20000
5,2,proble,problem,320,1,1,1,1,1.0,testset1,20000
6,2,proble,problem,122,1,1,1,1,1.0,testset1,20000
3,2,promblem,problem,7485,1,0,0,0,0.0,testset1,20000
4,2,promblem,problem,1477,1,0,0,0,0.0,testset1,20000
5,2,promblem,problem,287,1,0,0,0,0.0,testset1,20000
6,2,promblem,problem,51,1,0,0,0,0.0,testset1,20000
7,2,promblem,problem,24,1,0,0,0,0.0,testset1,20000
3,2,proplen,problem,7485,1,0,0,0,0.0,testset1,20000
4,2,proplen,problem,1297,1,0,0,0,0.0,testset1,20000
5,2,proplen,problem,330,1,0,0,0,0.0,testset1,20000
6,2,proplen,problem,129,1,0,0,0,0.0,testset1,20000
7,2,proplen,problem,19,1,0,1,1,0.5,testset1,20000
3,2,dirven,driven,7848,1,0,0,0,0.0,testset1,20000
4,2,dirven,driven,774,1,0,0,0,0.0,testset1,20000
5,2,dirven,driven,264,1,0,0,0,0.0,testset1,20000
6,2,dirven,driven,54,1,0,0,0,0.0,testset1,20000
3,2,exstacy,ecstasy,4716,1,0,0,0,0.0,testset1,20000
4,2,exstacy,ecstasy,1110,1,0,0,0,0.0,testset1,20000
5,2,exstacy,ecstasy,262,1,0,0,0,0.0,testset1,20000
6,2,exstacy,ecstasy,26,1,0,0,0,0.0,testset1,20000
7,2,exstacy,ecstasy,2,1,1,1,1,1.0,testset1,20000
3,2,ecstacy,ecstasy,6956,1,0,1,1,0.5,testset1,20000
4,2,ecstacy,ecstasy,1120,1,1,1,1,1.0,testset1,20000
5,2,ecstacy,ecstasy,216,1,1,1,1,1.0,testset1,20000
6,2,ecstacy,ecstasy,17,1,0,0,0,0.0,testset1,20000
7,2,ecstacy,ecstasy,2,1,1,1,1,1.0,testset1,20000
3,2,guic,juice,5918,1,0,0,0,0.0,testset1,20000
4,2,guic,juice,525,1,0,0,0,0.0,testset1,20000
3,2,juce,juice,5051,1,0,0,0,0.0,testset1,20000
4,2,juce,juice,553,1,0,0,1,0.3333333333333333,testset1,20000
3,2,jucie,juice,5051,1,0,0,0,0.0,testset1,20000
4,2,jucie,juice,475,1,0,0,0,0.0,testset1,20000
5,2,jucie,juice,77,1,0,1,1,0.5,testset1,20000
3,2,juise,juice,5605,1,1,1,1,1.0,testset1,20000
4,2,juise,juice,861,1,0,0,0,0.0,testset1,20000
5,2,juise,juice,120,1,0,0,0,0.0,testset1,20000
3,2,juse,juice,5181,1,0,0,0,0.0,testset1,20000
4,2,juse,juice,833,1,0,0,0,0.0,testset1,20000
3,2,localy,locally,6438,1,0,0,0,0.0,testset1,20000
4,2,localy,locally,1145,1,0,0,0,0.0,testset1,20000
5,2,localy,locally,138,1,0,1,1,0.5,testset1,20000
6,2,localy,locally,23,1,1,1,1,1.0,testset1,20000
3,2,compair,compare,6302,1,0,0,0,0.0,testset1,20000
4,2,compair,compare,1408,1,0,0,1,0.3333333333333333,testset1,20000
5,2,compair,compare,363,1,0,1,1,0.5,testset1,20000
6,2,compair,compare,171,1,0,0,0,0.0,testset1,20000
7,2,compair,compare,61,1,0,0,0,0.0,testset1,20000
3,2,pronounciation,pronunciation,7485,1,0,0,0,0.0,testset1,20000
4,2,pronounciation,pronunciation,1966,1,0,0,1,0.3333333333333333,testset1,20000
5,2,pronounciation,pronunciation,382,1,0,0,0,0.0,testset1,20000
6,2,pronounciation,pronunciation,57,1,0,0,0,0.0,testset1,20000
7,2,pronounciation,pronunciation,5,1,0,0,0,0.0,testset1,20000
3,2,independant,independent,4086,1,0,0,0,0.0,testset1,20000
4,2,independant,independent,1469,1,0,1,1,0.5,testset1,20000
5,2,independant,independent,324,1,1,1,1,1.0,testset1,20000
6,2,independant,independent,50,1,1,1,1,1.0,testset1,20000
7,2,independant,independent,22,1,1,1,1,1.0,testset1,20000
3,2,independant,independent,4086,1,0,0,0,0.0,testset1,20000
4,2,independant,independent,1469,1,0,1,1,0.5,testset1,20000
5,2,independant,independent,324,1,1,1,1,1.0,testset1,20000
6,2,independant,independent,50,1,1,1,1,1.0,testset1,20000
7,2,independant,independent,22,1,1,1,1,1.0,testset1,20000
3,2,aranged,arranged,7965,1,0,0,0,0.0,testset1,20000
4,2,aranged,arranged,1753,1,0,0,0,0.0,testset1,20000
5,2,aranged,arranged,293,1,0,0,1,0.3333333333333333,testset1,20000
6,2,aranged,arranged,58,1,0,0,1,0.3333333333333333,testset1,20000
7,2,aranged,arranged,17,1,0,0,1,0.3333333333333333,testset1,20000
3,2,arrainged,arranged,5913,1,0,0,0,0.0,testset1,20000
4,2,arrainged,arranged,1314,1,0,0,0,0.0,testset1,20000
5,2,arrainged,arranged,203,1,0,0,0,0.0,testset1,20000
6,2,arrainged,arranged,69,1,0,0,0,0.0,testset1,20000
7,2,arrainged,arranged,13,1,0,0,0,0.0,testset1,20000
3,2,poartry,poetry,10012,1,0,0,0,0.0,testset1,20000
4,2,poartry,poetry,2445,1,0,0,0,0.0,testset1,20000
5,2,poartry,poetry,453,1,0,0,0,0.0,testset1,20000
6,2,poartry,poetry,68,1,0,0,0,0.0,testset1,20000
7,2,poartry,poetry,8,1,0,0,1,0.3333333333333333,testset1,20000
3,2,poertry,poetry,9228,1,1,1,1,1.0,testset1,20000
4,2,poertry,poetry,1991,1,0,0,0,0.0,testset1,20000
5,2,poertry,poetry,370,1,0,0,0,0.0,testset1,20000
6,2,poertry,poetry,37,1,0,1,1,0.5,testset1,20000
7,2,poertry,poetry,7,1,1,1,1,1.0,testset1,20000
3,2,poetre,poetry,9228,1,1,1,1,1.0,testset1,20000
4,2,poetre,poetry,1445,1,1,1,1,1.0,testset1,20000
5,2,poetre,poetry,293,1,1,1,1,1.0,testset1,20000
6,2,poetre,poetry,47,1,0,0,0,0.0,testset1,20000
3,2,poety,poetry,9228,1,1,1,1,1.0,testset1,20000
4,2,poety,poetry,1445,1,1,1,1,1.0,testset1,20000
5,2,poety,poetry,107,1,1,1,1,1.0,testset1,20000
3,2,powetry,poetry,5421,1,0,0,0,0.0,testset1,20000
4,2,powetry,poetry,1285,1,0,0,0,0.0,testset1,20000
5,2,powetry,poetry,166,1,0,0,0,0.0,testset1,20000
6,2,powetry,poetry,36,1,0,0,0,0.0,testset1,20000
7,2,powetry,poetry,13,1,0,0,0,0.0,testset1,20000
3,2,leval,level,5294,1,1,1,1,1.0,testset1,20000
4,2,leval,level,1246,1,0,1,1,0.5,testset1,20000
5,2,leval,level,230,1,1,1,1,1.0,testset1,20000
3,2,basicaly,basically,8294,1,0,0,0,0.0,testset1,20000
4,2,basicaly,basically,1495,1,0,0,1,0.3333333333333333,testset1,20000
5,2,basicaly,basically,127,1,0,1,1,0.5,testset1,20000
6,2,basicaly,basically,25,1,1,1,1,1.0,testset1,20000
7,2,basicaly,basically,11,1,1,1,1,1.0,testset1,20000
3,2,unexpcted,unexpected,6622,1,0,0,1,0.3333333333333333,testset1,20000
4,2,unexpcted,unexpected,602,1,1,1,1,1.0,testset1,20000
5,2,unexpcted,unexpected,116,1,1,1,1,1.0,testset1,20000
6,2,unexpcted,unexpected,5,1,1,1,1,1.0,testset1,20000
7,2,unexpcted,unexpected,1,1,1,1,1,1.0,testset1,20000
3,2,unexpeted,unexpected,6622,1,0,0,1,0.3333333333333333,testset1,20000
4,2,unexpeted,unexpected,602,1,1,1,1,1.0,testset1,20000
5,2,unexpeted,unexpected,116,1,1,1,1,1.0,testset1,20000
6,2,unexpeted,unexpected,33,1,1,1,1,1.0,testset1,20000
7,2,unexpeted,unexpected,2,1,1,1,1,1.0,testset1,20000
3,2,unexspected,unexpected,6622,1,0,0,1,0.3333333333333333,testset1,20000
4,2,unexspected,unexpected,602,1,1,1,1,1.0,testset1,20000
5,2,unexspected,unexpected,71,1,0,0,0,0.0,testset1,20000
6,2,unexspected,unexpected,8,1,1,1,1,1.0,testset1,20000
7,2,unexspected,unexpected,3,1,1,1,1,1.0,testset1,20000
3,2,varable,variable,8477,1,0,0,1,0.3333333333333333,testset1,20000
4,2,varable,variable,1664,1,0,0,1,0.3333333333333333,testset1,20000
5,2,varable,variable,120,1,1,1,1,1.0,testset1,20000
6,2,varable,variable,20,1,1,1,1,1.0,testset1,20000
7,2,varable,variable,11,1,1,1,1,1.0,testset1,20000
3,2,futher,further,5085,1,0,0,0,0.0,testset1,20000
4,2,futher,further,603,1,0,1,1,0.5,testset1,20000
5,2,futher,further,172,1,0,1,1,0.5,testset1,20000
6,2,futher,further,95,1,1,1,1,1.0,testset1,20000
3,2,monitering,monitoring,6732,1,0,0,0,0.0,testset1,20000
4,2,monitering,monitoring,1476,1,0,1,1,0.5,testset1,20000
5,2,monitering,monitoring,382,1,0,1,1,0.5,testset1,20000
6,2,monitering,monitoring,74,1,0,0,0,0.0,testset1,20000
7,2,monitering,monitoring,20,1,0,0,0,0.0,testset1,20000
3,2,biscits,biscuits,6881,1,0,0,0,0.0,testset1,20000
4,2,biscits,biscuits,1018,1,1,1,1,1.0,testset1,20000
5,2,biscits,biscuits,174,1,0,0,0,0.0,testset1,20000
6,2,biscits,biscuits,15,1,1,1,1,1.0,testset1,20000
7,2,biscits,biscuits,3,1,1,1,1,1.0,testset1,20000
3,2,biscutes,biscuits,6881,1,0,0,0,0.0,testset1,20000
4,2,biscutes,biscuits,1018,1,1,1,1,1.0,testset1,20000
5,2,biscutes,biscuits,119,1,1,1,1,1.0,testset1,20000
6,2,biscutes,biscuits,12,1,0,1,1,0.5,testset1,20000
7,2,biscutes,biscuits,5,1,1,1,1,1.0,testset1,20000
3,2,biscuts,biscuits,6881,1,0,0,0,0.0,testset1,20000
4,2,biscuts,biscuits,1018,1,1,1,1,1.0,testset1,20000
5,2,biscuts,biscuits,119,1,1,1,1,1.0,testset1,20000
6,2,biscuts,biscuits,12,1,0,1,1,0.5,testset1,20000
7,2,biscuts,biscuits,8,1,0,1,1,0.5,testset1,20000
3,2,bisquits,biscuits,6881,1,0,0,0,0.0,testset1,20000
4,2,bisquits,biscuits,518,1,0,0,0,0.0,testset1,20000
5,2,bisquits,biscuits,63,1,0,0,0,0.0,testset1,20000
6,2,bisquits,biscuits,17,1,0,1,1,0.5,testset1,20000
7,2,bisquits,biscuits,4,1,1,1,1,1.0,testset1,20000
3,2,buiscits,biscuits,6251,1,0,0,0,0.0,testset1,20000
4,2,buiscits,biscuits,1122,1,0,0,0,0.0,testset1,20000
5,2,buiscits,biscuits,154,1,0,0,0,0.0,testset1,20000
6,2,buiscits,biscuits,17,1,0,0,0,0.0,testset1,20000
7,2,buiscits,biscuits,2,1,1,1,1,1.0,testset1,20000
3,2,buiscuts,biscuits,6251,1,0,0,0,0.0,testset1,20000
4,2,buiscuts,biscuits,1122,1,0,0,0,0.0,testset1,20000
5,2,buiscuts,biscuits,154,1,0,0,0,0.0,testset1,20000
6,2,buiscuts,biscuits,11,1,0,0,0,0.0,testset1,20000
7,2,buiscuts,biscuits,2,1,1,1,1,1.0,testset1,20000
3,2,avaible,available,6241,1,1,1,1,1.0,testset1,20000
4,2,avaible,available,937,1,1,1,1,1.0,testset1,20000
5,2,avaible,available,54,1,1,1,1,1.0,testset1,20000
6,2,avaible,available,9,1,1,1,1,1.0,testset1,20000
7,2,avaible,available,5,1,1,1,1,1.0,testset1,20000
3,2,seperate,separate,7668,1,0,0,1,0.3333333333333333,testset1,20000
4,2,seperate,separate,1722,1,0,0,0,0.0,testset1,20000
5,2,seperate,separate,580,1,0,0,0,0.0,testset1,20000
6,2,seperate,separate,102,1,0,1,1,0.5,testset1,20000
7,2,seperate,separate,46,1,0,1,1,0.5,testset1,20000
3,2,neccesary,necessary,7241,1,1,1,1,1.0,testset1,20000
4,2,neccesary,necessary,669,1,0,0,0,0.0,testset1,20000
5,2,neccesary,necessary,153,1,1,1,1,1.0,testset1,20000
6,2,neccesary,necessary,30,1,1,1,1,1.0,testset1,20000
7,2,neccesary,necessary,3,1,0,1,1,0.5,testset1,20000
3,2,necesary,necessary,7241,1,1,1,1,1.0,testset1,20000
4,2,necesary,necessary,1190,1,1,1,1,1.0,testset1,20000
5,2,necesary,necessary,131,1,1,1,1,1.0,testset1,20000
6,2,necesary,necessary,10,1,1,1,1,1.0,testset1,20000
7,2,necesary,necessary,3,1,1,1,1,1.0,testset1,20000
3,2,neccesary,necessary,7241,1,1,1,1,1.0,testset1,20000
4,2,neccesary,necessary,669,1,0,0,0,0.0,testset1,20000
5,2,neccesary,necessary,153,1,1,1,1,1.0,testset1,20000
6,2,neccesary,necessary,30,1,1,1,1,1.0,testset1,20000
7,2,neccesary,necessary,3,1,0,1,1,0.5,testset1,20000
3,2,necassary,necessary,7241,1,1,1,1,1.0,testset1,20000
4,2,necassary,necessary,1544,1,0,0,1,0.3333333333333333,testset1,20000
5,2,necassary,necessary,180,1,0,1,1,0.5,testset1,20000
6,2,necassary,necessary,16,1,1,1,1,1.0,testset1,20000
7,2,necassary,necessary,4,1,1,1,1,1.0,testset1,20000
3,2,necassery,necessary,7241,1,1,1,1,1.0,testset1,20000
4,2,necassery,necessary,1544,1,0,0,1,0.3333333333333333,testset1,20000
5,2,necassery,necessary,180,1,0,1,1,0.5,testset1,20000
6,2,necassery,necessary,16,1,1,1,1,1.0,testset1,20000
7,2,necassery,necessary,7,1,1,1,1,1.0,testset1,20000
3,2,neccasary,necessary,7241,1,1,1,1,1.0,testset1,20000
4,2,neccasary,necessary,669,1,0,0,0,0.0,testset1,20000
5,2,neccasary,necessary,87,1,0,0,0,0.0,testset1,20000
6,2,neccasary,necessary,12,1,1,1,1,1.0,testset1,20000
7,2,neccasary,necessary,3,1,1,1,1,1.0,testset1,20000
3,2,defenition,definition,5692,1,0,0,1,0.3333333333333333,testset1,20000
4,2,defenition,definition,1183,1,0,0,0,0.0,testset1,20000
5,2,defenition,definition,228,1,0,0,0,0.0,testset1,20000
6,2,defenition,definition,57,1,0,0,0,0.0,testset1,20000
7,2,defenition,definition,29,1,0,1,1,0.5,testset1,20000
3,2,receit,receipt,7702,1,0,0,0,0.0,testset1,20000
4,2,receit,receipt,1694,1,0,0,0,0.0,testset1,20000
5,2,receit,receipt,405,1,0,0,0,0.0,testset1,20000
6,2,receit,receipt,58,1,0,0,0,0.0,testset1,20000
3,2,receite,receipt,7702,1,0,0,0,0.0,testset1,20000
4,2,receite,receipt,1694,1,0,0,0,0.0,testset1,20000
5,2,receite,receipt,405,1,0,0,0,0.0,testset1,20000
6,2,receite,receipt,58,1,0,0,0,0.0,testset1,20000
7,2,receite,receipt,24,1,0,0,0,0.0,testset1,20000
3,2,reciet,receipt,7702,1,0,0,0,0.0,testset1,20000
4,2,reciet,receipt,1531,1,0,0,0,0.0,testset1,20000
5,2,reciet,receipt,433,1,0,0,0,0.0,testset1,20000
6,2,reciet,receipt,75,1,0,0,0,0.0,testset1,20000
3,2,recipt,receipt,7702,1,0,0,0,0.0,testset1,20000
4,2,recipt,receipt,1531,1,0,0,0,0.0,testset1,20000
5,2,recipt,receipt,292,1,0,0,0,0.0,testset1,20000
6,2,recipt,receipt,38,1,1,1,1,1.0,testset1,20000
3,2,remine,remind,6646,1,0,0,0,0.0,testset1,20000
4,2,remine,remind,1700,1,0,0,1,0.3333333333333333,testset1,20000
5,2,remine,remind,420,1,0,1,1,0.5,testset1,20000
6,2,remine,remind,117,1,0,0,0,0.0,testset1,20000
3,2,remined,remind,6646,1,0,0,0,0.0,testset1,20000
4,2,remined,remind,1700,1,0,0,1,0.3333333333333333,testset1,20000
5,2,remined,remind,420,1,0,1,1,0.5,testset1,20000
6,2,remined,remind,117,1,0,0,0,0.0,testset1,20000
7,2,remined,remind,26,1,0,0,0,0.0,testset1,20000
3,2,inetials,initials,7051,1,0,0,0,0.0,testset1,20000
4,2,inetials,initials,1207,1,0,0,0,0.0,testset1,20000
5,2,inetials,initials,393,1,0,0,0,0.0,testset1,20000
6,2,inetials,initials,62,1,0,0,0,0.0,testset1,20000
7,2,inetials,initials,21,1,0,0,0,0.0,testset1,20000
3,2,inistals,initials,4811,1,0,0,0,0.0,testset1,20000
4,2,inistals,initials,1129,1,0,0,0,0.0,testset1,20000
5,2,inistals,initials,384,1,0,0,0,0.0,testset1,20000
6,2,inistals,initials,79,1,0,0,0,0.0,testset1,20000
7,2,inistals,initials,20,1,0,0,0,0.0,testset1,20000
3,2,initails,initials,4811,1,0,0,0,0.0,testset1,20000
4,2,initails,initials,1073,1,0,0,0,0.0,testset1,20000
5,2,initails,initials,291,1,0,0,0,0.0,testset1,20000
6,2,initails,initials,50,1,0,0,0,0.0,testset1,20000
7,2,initails,initials,20,1,0,0,0,0.0,testset1,20000
3,2,initals,initials,4811,1,0,0,0,0.0,testset1,20000
4,2,initals,initials,1073,1,0,0,0,0.0,testset1,20000
5,2,initals,initials,291,1,0,0,0,0.0,testset1,20000
6,2,initals,initials,59,1,0,0,0,0.0,testset1,20000
7,2,initals,initials,15,1,0,0,0,0.0,testset1,20000
3,2,intials,initials,5000,1,0,0,0,0.0,testset1,20000
4,2,intials,initials,1136,1,0,0,0,0.0,testset1,20000
5,2,intials,initials,288,1,0,0,0,0.0,testset1,20000
6,2,intials,initials,52,1,0,0,0,0.0,testset1,20000
7,2,intials,initials,6,1,0,0,0,0.0,testset1,20000
3,2,magnificnet,magnificent,5941,1,0,0,0,0.0,testset1,20000
4,2,magnificnet,magnificent,1204,1,0,0,0,0.0,testset1,20000
5,2,magnificnet,magnificent,282,1,0,1,1,0.5,testset1,20000
6,2,magnificnet,magnificent,37,1,1,1,1,1.0,testset1,20000
7,2,magnificnet,magnificent,14,1,1,1,1,1.0,testset1,20000
